<?xml version="1.0" ?>
<LOG_ROOT>
	<PROJECT NAME="Lab3">
		<CBX_INST_ENTRY INSTANCE_NAME="|mainBlock|bufferBlock:inst2|lpm_decode0:inst27|lpm_decode:lpm_decode_component" CBX_FILE_NAME="decode_u7f.tdf"/>
		<CBX_INST_ENTRY INSTANCE_NAME="|mainBlock|lpm_rom0:inst|altsyncram:altsyncram_component" CBX_FILE_NAME="altsyncram_3b81.tdf"/>
		<CBX_INST_ENTRY INSTANCE_NAME="|mainBlock|bufferBlock:inst2|lpm_counter0:inst26|lpm_counter:lpm_counter_component" CBX_FILE_NAME="cntr_uaj.tdf"/>
		<CBX_INST_ENTRY INSTANCE_NAME="|mainBlock|bufferBlock:inst2|lpm_counter1:inst49|lpm_counter:lpm_counter_component" CBX_FILE_NAME="cntr_uaj.tdf"/>
		<CBX_INST_ENTRY INSTANCE_NAME="|mainBlock|bufferBlock:inst2|lpm_decode0:inst19|lpm_decode:lpm_decode_component" CBX_FILE_NAME="decode_u7f.tdf"/>
		<CBX_INST_ENTRY INSTANCE_NAME="|mainBlock|lpm_ram_dq0:inst1|altsyncram:altsyncram_component" CBX_FILE_NAME="altsyncram_odd1.tdf"/>
	</PROJECT>
</LOG_ROOT>
