<?xml version="1.0" ?>
<LOG_ROOT>
	<PROJECT NAME="Lab10">
		<CBX_INST_ENTRY INSTANCE_NAME="|MAIN|AUTOMATIC_MACHINE_A3:inst3|lpm_add_sub0:inst8|lpm_add_sub:lpm_add_sub_component" CBX_FILE_NAME="add_sub_rmg.tdf"/>
		<CBX_INST_ENTRY INSTANCE_NAME="|MAIN|PREDICTOR:inst|lpm_decode1:inst6|lpm_decode:lpm_decode_component" CBX_FILE_NAME="decode_5sf.tdf"/>
		<CBX_INST_ENTRY INSTANCE_NAME="|MAIN|AUTOMATIC_MACHINE_A3:inst3|lpm_compare0:inst|lpm_compare:lpm_compare_component" CBX_FILE_NAME="cmpr_kni.tdf"/>
		<CBX_INST_ENTRY INSTANCE_NAME="|MAIN|AUTOMATIC_MACHINE_A3:inst3|lpm_compare1:inst1|lpm_compare:lpm_compare_component" CBX_FILE_NAME="cmpr_g8j.tdf"/>
		<CBX_INST_ENTRY INSTANCE_NAME="|MAIN|AUTOMATIC_MACHINE_A3:inst3|lpm_compare2:inst2|lpm_compare:lpm_compare_component" CBX_FILE_NAME="cmpr_g8j.tdf"/>
		<CBX_INST_ENTRY INSTANCE_NAME="|MAIN|AUTOMATIC_MACHINE_A3:inst3|lpm_compare3:inst3|lpm_compare:lpm_compare_component" CBX_FILE_NAME="cmpr_g8j.tdf"/>
		<CBX_INST_ENTRY INSTANCE_NAME="|MAIN|PHT:inst1|lpm_decode0:inst|lpm_decode:lpm_decode_component" CBX_FILE_NAME="decode_d9f.tdf"/>
		<CBX_INST_ENTRY INSTANCE_NAME="|MAIN|PREDICTOR:inst|lpm_compare0:inst|lpm_compare:lpm_compare_component" CBX_FILE_NAME="cmpr_kni.tdf"/>
		<CBX_INST_ENTRY INSTANCE_NAME="|MAIN|PREDICTOR:inst|lpm_counter0:inst5|lpm_counter:lpm_counter_component" CBX_FILE_NAME="cntr_7oi.tdf"/>
	</PROJECT>
</LOG_ROOT>
