<?xml version="1.0" ?>
<LOG_ROOT>
	<PROJECT NAME="Lab7">
		<CBX_INST_ENTRY INSTANCE_NAME="|MAIN|M_DEVICE:inst13|lpm_compare0:inst11|lpm_compare:lpm_compare_component" CBX_FILE_NAME="cmpr_h8j.tdf"/>
		<CBX_INST_ENTRY INSTANCE_NAME="|MAIN|M_DEVICE:inst14|lpm_counter0:inst6|lpm_counter:lpm_counter_component" CBX_FILE_NAME="cntr_d4i.tdf"/>
		<CBX_INST_ENTRY INSTANCE_NAME="|MAIN|M_DEVICE:inst13|lpm_counter0:inst6|lpm_counter:lpm_counter_component" CBX_FILE_NAME="cntr_d4i.tdf"/>
		<CBX_INST_ENTRY INSTANCE_NAME="|MAIN|M_DEVICE:inst14|lpm_compare0:inst11|lpm_compare:lpm_compare_component" CBX_FILE_NAME="cmpr_h8j.tdf"/>
		<CBX_INST_ENTRY INSTANCE_NAME="|MAIN|M_DEVICE:inst15|lpm_counter0:inst6|lpm_counter:lpm_counter_component" CBX_FILE_NAME="cntr_d4i.tdf"/>
		<CBX_INST_ENTRY INSTANCE_NAME="|MAIN|M_DEVICE:inst16|lpm_compare0:inst11|lpm_compare:lpm_compare_component" CBX_FILE_NAME="cmpr_h8j.tdf"/>
		<CBX_INST_ENTRY INSTANCE_NAME="|MAIN|lpm_decode0:inst11|lpm_decode:lpm_decode_component" CBX_FILE_NAME="decode_u7f.tdf"/>
		<CBX_INST_ENTRY INSTANCE_NAME="|MAIN|M_DEVICE:inst15|lpm_compare0:inst11|lpm_compare:lpm_compare_component" CBX_FILE_NAME="cmpr_h8j.tdf"/>
		<CBX_INST_ENTRY INSTANCE_NAME="|MAIN|M_DEVICE:inst16|lpm_counter0:inst6|lpm_counter:lpm_counter_component" CBX_FILE_NAME="cntr_d4i.tdf"/>
	</PROJECT>
</LOG_ROOT>
