<?xml version="1.0" ?>
<LOG_ROOT>
	<PROJECT NAME="Lab2">
		<CBX_INST_ENTRY INSTANCE_NAME="|Block4|Block1:inst2|lpm_compare1:inst18|lpm_compare:lpm_compare_component" CBX_FILE_NAME="cmpr_i8j.tdf"/>
		<CBX_INST_ENTRY INSTANCE_NAME="|Block4|Block1:inst2|lpm_counter0:inst15|lpm_counter:lpm_counter_component" CBX_FILE_NAME="cntr_vaj.tdf"/>
		<CBX_INST_ENTRY INSTANCE_NAME="|Block4|Block2:inst1|lpm_counter_block2_1:inst|lpm_counter:lpm_counter_component" CBX_FILE_NAME="cntr_uaj.tdf"/>
		<CBX_INST_ENTRY INSTANCE_NAME="|Block4|Block2:inst1|lpm_counter_block2_2:inst1|lpm_counter:lpm_counter_component" CBX_FILE_NAME="cntr_uaj.tdf"/>
		<CBX_INST_ENTRY INSTANCE_NAME="|Block4|Block3:inst|lpm_counter1:inst1|lpm_counter:lpm_counter_component" CBX_FILE_NAME="cntr_qlh.tdf"/>
		<CBX_INST_ENTRY INSTANCE_NAME="|Block4|Block1:inst2|lpm_compare0:inst17|lpm_compare:lpm_compare_component" CBX_FILE_NAME="cmpr_i8j.tdf"/>
		<CBX_INST_ENTRY INSTANCE_NAME="|Block4|Block2:inst1|lpm_compare_block2_3:inst2|lpm_compare:lpm_compare_component" CBX_FILE_NAME="cmpr_h8j.tdf"/>
		<CBX_INST_ENTRY INSTANCE_NAME="|Block4|Block2:inst1|lpm_compare_block2_6:inst3|lpm_compare:lpm_compare_component" CBX_FILE_NAME="cmpr_h8j.tdf"/>
		<CBX_INST_ENTRY INSTANCE_NAME="|Block4|Block3:inst|lpm_decode1:inst|lpm_decode:lpm_decode_component" CBX_FILE_NAME="decode_e9f.tdf"/>
	</PROJECT>
</LOG_ROOT>
