<?xml version="1.0" ?>
<LOG_ROOT>
	<PROJECT NAME="Lab6">
		<CBX_INST_ENTRY INSTANCE_NAME="|main_block|command_memory_block:inst14|lpm_compare0:inst2|lpm_compare:lpm_compare_component" CBX_FILE_NAME="cmpr_h8j.tdf"/>
		<CBX_INST_ENTRY INSTANCE_NAME="|main_block|data_memory_block:inst17|lpm_decode4:inst1|lpm_decode:lpm_decode_component" CBX_FILE_NAME="decode_e9f.tdf"/>
		<CBX_INST_ENTRY INSTANCE_NAME="|main_block|register_block:inst2|lpm_decode2:inst6|lpm_decode:lpm_decode_component" CBX_FILE_NAME="decode_e9f.tdf"/>
		<CBX_INST_ENTRY INSTANCE_NAME="|main_block|ALU_block:inst7|lpm_add_sub3:inst2|lpm_add_sub:lpm_add_sub_component" CBX_FILE_NAME="add_sub_dmh.tdf"/>
		<CBX_INST_ENTRY INSTANCE_NAME="|main_block|ALU_block:inst7|lpm_clshift0:inst8|lpm_clshift:lpm_clshift_component" CBX_FILE_NAME="lpm_clshift_fic.tdf"/>
		<CBX_INST_ENTRY INSTANCE_NAME="|main_block|ALU_block:inst7|lpm_decode3:inst|lpm_decode:lpm_decode_component" CBX_FILE_NAME="decode_e9f.tdf"/>
		<CBX_INST_ENTRY INSTANCE_NAME="|main_block|control_block:inst16|lpm_add_sub2:inst31|lpm_add_sub:lpm_add_sub_component" CBX_FILE_NAME="add_sub_3qh.tdf"/>
		<CBX_INST_ENTRY INSTANCE_NAME="|main_block|control_block:inst16|lpm_counter0:inst|lpm_counter:lpm_counter_component" CBX_FILE_NAME="cntr_vaj.tdf"/>
		<CBX_INST_ENTRY INSTANCE_NAME="|main_block|control_block:inst16|lpm_decode0:inst4|lpm_decode:lpm_decode_component" CBX_FILE_NAME="decode_e9f.tdf"/>
		<CBX_INST_ENTRY INSTANCE_NAME="|main_block|register_block:inst2|lpm_decode1:inst4|lpm_decode:lpm_decode_component" CBX_FILE_NAME="decode_u7f.tdf"/>
		<CBX_INST_ENTRY INSTANCE_NAME="|main_block|stack_block:inst3|lpm_add_sub4:inst27|lpm_add_sub:lpm_add_sub_component" CBX_FILE_NAME="add_sub_smg.tdf"/>
		<CBX_INST_ENTRY INSTANCE_NAME="|main_block|stack_block:inst3|lpm_decode7:inst13|lpm_decode:lpm_decode_component" CBX_FILE_NAME="decode_5sf.tdf"/>
		<CBX_INST_ENTRY INSTANCE_NAME="|main_block|stack_block:inst3|lpm_decode7:inst48|lpm_decode:lpm_decode_component" CBX_FILE_NAME="decode_5sf.tdf"/>
		<CBX_INST_ENTRY INSTANCE_NAME="|main_block|control_block:inst16|lpm_decode5:inst22|lpm_decode:lpm_decode_component" CBX_FILE_NAME="decode_u7f.tdf"/>
		<CBX_INST_ENTRY INSTANCE_NAME="|main_block|control_block:inst16|lpm_add_sub1:inst7|lpm_add_sub:lpm_add_sub_component" CBX_FILE_NAME="add_sub_elh.tdf"/>
		<CBX_INST_ENTRY INSTANCE_NAME="|main_block|control_block:inst16|lpm_compare3:inst15|lpm_compare:lpm_compare_component" CBX_FILE_NAME="cmpr_h8j.tdf"/>
		<CBX_INST_ENTRY INSTANCE_NAME="|main_block|data_memory_block:inst17|lpm_ram_dq0:inst|altsyncram:altsyncram_component" CBX_FILE_NAME="altsyncram_nkc1.tdf"/>
		<CBX_INST_ENTRY INSTANCE_NAME="|main_block|stack_block:inst3|lpm_decode6:inst3|lpm_decode:lpm_decode_component" CBX_FILE_NAME="decode_e9f.tdf"/>
		<CBX_INST_ENTRY INSTANCE_NAME="|main_block|command_memory_block:inst14|lpm_rom0:inst1|altsyncram:altsyncram_component" CBX_FILE_NAME="altsyncram_8b81.tdf"/>
		<CBX_INST_ENTRY INSTANCE_NAME="|main_block|control_block:inst16|lpm_add_sub0:inst1|lpm_add_sub:lpm_add_sub_component" CBX_FILE_NAME="add_sub_t7i.tdf"/>
	</PROJECT>
</LOG_ROOT>
