<?xml version="1.0" encoding="UTF-8"?>
<GenRun Id="impl_1" LaunchPart="xc7a200tfbg676-2" LaunchTime="1733312886">
  <File Type="BITSTR-BMM" Name="board_bd.bmm"/>
  <File Type="OPT-METHODOLOGY-DRC" Name="board_methodology_drc_opted.rpt"/>
  <File Type="INIT-TIMING" Name="board_timing_summary_init.rpt"/>
  <File Type="ROUTE-PWR" Name="board_power_routed.rpt"/>
  <File Type="PA-TCL" Name="board.tcl"/>
  <File Type="OPT-TIMING" Name="board_timing_summary_opted.rpt"/>
  <File Type="OPT-DCP" Name="board_opt.dcp"/>
  <File Type="ROUTE-PWR-SUM" Name="board_power_summary_routed.pb"/>
  <File Type="REPORTS-TCL" Name="board_reports.tcl"/>
  <File Type="OPT-DRC" Name="board_drc_opted.rpt"/>
  <File Type="OPT-HWDEF" Name="board.hwdef"/>
  <File Type="PWROPT-DCP" Name="board_pwropt.dcp"/>
  <File Type="PWROPT-DRC" Name="board_drc_pwropted.rpt"/>
  <File Type="PWROPT-TIMING" Name="board_timing_summary_pwropted.rpt"/>
  <File Type="PLACE-DCP" Name="board_placed.dcp"/>
  <File Type="PLACE-IO" Name="board_io_placed.rpt"/>
  <File Type="PLACE-CLK" Name="board_clock_utilization_placed.rpt"/>
  <File Type="PLACE-UTIL" Name="board_utilization_placed.rpt"/>
  <File Type="PLACE-UTIL-PB" Name="board_utilization_placed.pb"/>
  <File Type="PLACE-CTRL" Name="board_control_sets_placed.rpt"/>
  <File Type="PLACE-SIMILARITY" Name="board_incremental_reuse_placed.rpt"/>
  <File Type="PLACE-PRE-SIMILARITY" Name="board_incremental_reuse_pre_placed.rpt"/>
  <File Type="BG-BGN" Name="board.bgn"/>
  <File Type="PLACE-TIMING" Name="board_timing_summary_placed.rpt"/>
  <File Type="POSTPLACE-PWROPT-DCP" Name="board_postplace_pwropt.dcp"/>
  <File Type="BG-BIN" Name="board.bin"/>
  <File Type="POSTPLACE-PWROPT-TIMING" Name="board_timing_summary_postplace_pwropted.rpt"/>
  <File Type="PHYSOPT-DCP" Name="board_physopt.dcp"/>
  <File Type="PHYSOPT-DRC" Name="board_drc_physopted.rpt"/>
  <File Type="BITSTR-MSK" Name="board.msk"/>
  <File Type="PHYSOPT-TIMING" Name="board_timing_summary_physopted.rpt"/>
  <File Type="ROUTE-ERROR-DCP" Name="board_routed_error.dcp"/>
  <File Type="ROUTE-DCP" Name="board_routed.dcp"/>
  <File Type="ROUTE-BLACKBOX-DCP" Name="board_routed_bb.dcp"/>
  <File Type="ROUTE-DRC" Name="board_drc_routed.rpt"/>
  <File Type="ROUTE-DRC-PB" Name="board_drc_routed.pb"/>
  <File Type="BITSTR-LTX" Name="debug_nets.ltx"/>
  <File Type="BITSTR-LTX" Name="board.ltx"/>
  <File Type="ROUTE-DRC-RPX" Name="board_drc_routed.rpx"/>
  <File Type="BITSTR-MMI" Name="board.mmi"/>
  <File Type="ROUTE-METHODOLOGY-DRC" Name="board_methodology_drc_routed.rpt"/>
  <File Type="ROUTE-METHODOLOGY-DRC-RPX" Name="board_methodology_drc_routed.rpx"/>
  <File Type="BITSTR-SYSDEF" Name="board.sysdef"/>
  <File Type="ROUTE-METHODOLOGY-DRC-PB" Name="board_methodology_drc_routed.pb"/>
  <File Type="ROUTE-PWR-RPX" Name="board_power_routed.rpx"/>
  <File Type="ROUTE-STATUS" Name="board_route_status.rpt"/>
  <File Type="ROUTE-STATUS-PB" Name="board_route_status.pb"/>
  <File Type="ROUTE-TIMINGSUMMARY" Name="board_timing_summary_routed.rpt"/>
  <File Type="ROUTE-TIMING-PB" Name="board_timing_summary_routed.pb"/>
  <File Type="ROUTE-TIMING-RPX" Name="board_timing_summary_routed.rpx"/>
  <File Type="ROUTE-SIMILARITY" Name="board_incremental_reuse_routed.rpt"/>
  <File Type="ROUTE-CLK" Name="board_clock_utilization_routed.rpt"/>
  <File Type="ROUTE-BUS-SKEW" Name="board_bus_skew_routed.rpt"/>
  <File Type="ROUTE-BUS-SKEW-PB" Name="board_bus_skew_routed.pb"/>
  <File Type="ROUTE-BUS-SKEW-RPX" Name="board_bus_skew_routed.rpx"/>
  <File Type="POSTROUTE-PHYSOPT-DCP" Name="board_postroute_physopt.dcp"/>
  <File Type="POSTROUTE-PHYSOPT-BLACKBOX-DCP" Name="board_postroute_physopt_bb.dcp"/>
  <File Type="POSTROUTE-PHYSOPT-TIMING" Name="board_timing_summary_postroute_physopted.rpt"/>
  <File Type="POSTROUTE-PHYSOPT-TIMING-PB" Name="board_timing_summary_postroute_physopted.pb"/>
  <File Type="POSTROUTE-PHYSOPT-TIMING-RPX" Name="board_timing_summary_postroute_physopted.rpx"/>
  <File Type="POSTROUTE-PHYSOPT-BUS-SKEW" Name="board_bus_skew_postroute_physopted.rpt"/>
  <File Type="POSTROUTE-PHYSOPT-BUS-SKEW-PB" Name="board_bus_skew_postroute_physopted.pb"/>
  <File Type="BG-BIT" Name="board.bit"/>
  <File Type="POSTROUTE-PHYSOPT-BUS-SKEW-RPX" Name="board_bus_skew_postroute_physopted.rpx"/>
  <File Type="BITSTR-RBT" Name="board.rbt"/>
  <File Type="BITSTR-NKY" Name="board.nky"/>
  <File Type="BG-DRC" Name="board.drc"/>
  <File Type="RDI-RDI" Name="board.vdi"/>
  <File Type="WBT-USG" Name="usage_statistics_webtalk.html"/>
  <FileSet Name="sources" Type="DesignSrcs" RelSrcDir="$PSRCDIR/sources_1">
    <Filter Type="Srcs"/>
    <File Path="$PSRCDIR/sources_1/new/JK_trigger.vhd">
      <FileInfo>
        <Attr Name="UsedIn" Val="synthesis"/>
        <Attr Name="UsedIn" Val="simulation"/>
      </FileInfo>
    </File>
    <File Path="$PSRCDIR/sources_1/new/JK_wrapper.vhd">
      <FileInfo>
        <Attr Name="UsedIn" Val="synthesis"/>
        <Attr Name="UsedIn" Val="simulation"/>
      </FileInfo>
    </File>
    <File Path="$PSRCDIR/sources_1/new/SUDCWORAM3-SO.vhd">
      <FileInfo>
        <Attr Name="UsedIn" Val="synthesis"/>
        <Attr Name="UsedIn" Val="simulation"/>
      </FileInfo>
    </File>
    <File Path="$PSRCDIR/sources_1/new/divider.vhd">
      <FileInfo>
        <Attr Name="UsedIn" Val="synthesis"/>
        <Attr Name="UsedIn" Val="simulation"/>
      </FileInfo>
    </File>
    <File Path="$PSRCDIR/sources_1/new/board.vhd">
      <FileInfo>
        <Attr Name="UsedIn" Val="synthesis"/>
        <Attr Name="UsedIn" Val="simulation"/>
      </FileInfo>
    </File>
    <Config>
      <Option Name="DesignMode" Val="RTL"/>
      <Option Name="TopModule" Val="board"/>
      <Option Name="TopAutoSet" Val="TRUE"/>
    </Config>
  </FileSet>
  <FileSet Name="constrs_in" Type="Constrs" RelSrcDir="$PSRCDIR/constrs_1">
    <Filter Type="Constrs"/>
    <File Path="$PPRDIR/top.xdc">
      <FileInfo>
        <Attr Name="UsedIn" Val="synthesis"/>
        <Attr Name="UsedIn" Val="implementation"/>
      </FileInfo>
    </File>
    <Config>
      <Option Name="ConstrsType" Val="XDC"/>
    </Config>
  </FileSet>
  <Strategy Version="1" Minor="2">
    <StratHandle Name="Vivado Implementation Defaults" Flow="Vivado Implementation 2018"/>
    <Step Id="init_design"/>
    <Step Id="opt_design"/>
    <Step Id="power_opt_design"/>
    <Step Id="place_design"/>
    <Step Id="post_place_power_opt_design"/>
    <Step Id="phys_opt_design"/>
    <Step Id="route_design"/>
    <Step Id="post_route_phys_opt_design"/>
    <Step Id="write_bitstream"/>
  </Strategy>
</GenRun>
