[
  {
    "operation": "INSERT",
    "table": "student",
    "data": {
      "id": 100,
      "first_name": "ALEX",
      "last_name": "KLIM",
      "gender_type": "MALE",
      "email": "ALEXKLIM@example.com"
    }
  },
  {
    "operation": "INSERT",
    "table": "student",
    "data": {
      "id": 101,
      "first_name": "DIANA",
      "last_name": "KLIM",
      "gender_type": "FEMALE",
      "email": "DIANAKLIM@example.com"
    }
  },
  {
    "operation": "UPDATE",
    "table": "student",
    "data": {
      "id": 100,
      "first_name": "ALEX",
      "last_name": "Updated",
      "gender_type": "MALE",
      "email": "ALEXKLIM@example.com"
    }
  },
  {
    "operation": "DELETE",
    "table": "student",
    "data": {
      "id": 101
    }
  }
]
