<?xml version="1.0" ?>
<LOG_ROOT>
	<PROJECT NAME="Lab8">
		<CBX_INST_ENTRY INSTANCE_NAME="|MAIN|CACHE:inst|CACHE_CONTROL:inst1|lpm_compare0:inst5|lpm_compare:lpm_compare_component" CBX_FILE_NAME="cmpr_cig.tdf"/>
		<CBX_INST_ENTRY INSTANCE_NAME="|MAIN|CACHE:inst|CACHE_LINE:inst18|lpm_counter0:inst29|lpm_counter:lpm_counter_component" CBX_FILE_NAME="cntr_coi.tdf"/>
		<CBX_INST_ENTRY INSTANCE_NAME="|MAIN|CACHE:inst|CACHE_LINE:inst21|lpm_decode1:inst31|lpm_decode:lpm_decode_component" CBX_FILE_NAME="decode_8bf.tdf"/>
		<CBX_INST_ENTRY INSTANCE_NAME="|MAIN|CACHE:inst|CACHE_CONTROL:inst1|lpm_constant2:inst74|lpm_constant:lpm_constant_component" CBX_FILE_NAME="lpm_constant_4e6.tdf"/>
		<CBX_INST_ENTRY INSTANCE_NAME="|MAIN|CACHE:inst|CACHE_CONTROL:inst1|lpm_dff2:inst23|lpm_ff:lpm_ff_component|lpm_constant:ac" CBX_FILE_NAME="lpm_constant_t64.tdf"/>
		<CBX_INST_ENTRY INSTANCE_NAME="|MAIN|CACHE:inst|CACHE_LINE:inst19|lpm_counter0:inst29|lpm_counter:lpm_counter_component" CBX_FILE_NAME="cntr_coi.tdf"/>
		<CBX_INST_ENTRY INSTANCE_NAME="|MAIN|CACHE:inst|CACHE_CONTROL:inst1|lpm_dff5:inst30|lpm_ff:lpm_ff_component|lpm_constant:ac" CBX_FILE_NAME="lpm_constant_074.tdf"/>
		<CBX_INST_ENTRY INSTANCE_NAME="|MAIN|CACHE:inst|CACHE_LINE:inst18|lpm_decode0:inst1|lpm_decode:lpm_decode_component" CBX_FILE_NAME="decode_u7f.tdf"/>
		<CBX_INST_ENTRY INSTANCE_NAME="|MAIN|RAM:inst7|lpm_ram_dq0:inst2|altsyncram:altsyncram_component" CBX_FILE_NAME="altsyncram_j1b1.tdf"/>
		<CBX_INST_ENTRY INSTANCE_NAME="|MAIN|CACHE:inst|CACHE_CONTROL:inst1|lpm_compare4:inst40|lpm_compare:lpm_compare_component" CBX_FILE_NAME="cmpr_osg.tdf"/>
		<CBX_INST_ENTRY INSTANCE_NAME="|MAIN|CACHE:inst|CACHE_CONTROL:inst1|lpm_decode1:inst|lpm_decode:lpm_decode_component" CBX_FILE_NAME="decode_8bf.tdf"/>
		<CBX_INST_ENTRY INSTANCE_NAME="|MAIN|CACHE:inst|CACHE_LINE:inst19|lpm_decode0:inst1|lpm_decode:lpm_decode_component" CBX_FILE_NAME="decode_u7f.tdf"/>
		<CBX_INST_ENTRY INSTANCE_NAME="|MAIN|CACHE:inst|CACHE_CONTROL:inst1|lpm_add_sub1:inst43|lpm_add_sub:lpm_add_sub_component" CBX_FILE_NAME="add_sub_soh.tdf"/>
		<CBX_INST_ENTRY INSTANCE_NAME="|MAIN|CACHE:inst|CACHE_CONTROL:inst1|lpm_compare0:inst1|lpm_compare:lpm_compare_component" CBX_FILE_NAME="cmpr_cig.tdf"/>
		<CBX_INST_ENTRY INSTANCE_NAME="|MAIN|CACHE:inst|CACHE_CONTROL:inst1|lpm_compare4:inst41|lpm_compare:lpm_compare_component" CBX_FILE_NAME="cmpr_osg.tdf"/>
		<CBX_INST_ENTRY INSTANCE_NAME="|MAIN|CACHE:inst|CACHE_CONTROL:inst1|lpm_constant6:inst55|lpm_constant:lpm_constant_component" CBX_FILE_NAME="lpm_constant_8e6.tdf"/>
		<CBX_INST_ENTRY INSTANCE_NAME="|MAIN|CACHE:inst|CACHE_CONTROL:inst1|lpm_dff6:inst57|lpm_ff:lpm_ff_component|lpm_constant:ac" CBX_FILE_NAME="lpm_constant_074.tdf"/>
		<CBX_INST_ENTRY INSTANCE_NAME="|MAIN|CACHE:inst|CACHE_LINE:inst18|lpm_mux0:inst27|lpm_mux:lpm_mux_component" CBX_FILE_NAME="mux_6oc.tdf"/>
		<CBX_INST_ENTRY INSTANCE_NAME="|MAIN|CACHE:inst|CACHE_LINE:inst21|lpm_decode0:inst1|lpm_decode:lpm_decode_component" CBX_FILE_NAME="decode_u7f.tdf"/>
		<CBX_INST_ENTRY INSTANCE_NAME="|MAIN|CACHE:inst|CACHE_CONTROL:inst1|lpm_add_sub1:inst44|lpm_add_sub:lpm_add_sub_component" CBX_FILE_NAME="add_sub_soh.tdf"/>
		<CBX_INST_ENTRY INSTANCE_NAME="|MAIN|CACHE:inst|CACHE_CONTROL:inst1|lpm_compare0:inst2|lpm_compare:lpm_compare_component" CBX_FILE_NAME="cmpr_cig.tdf"/>
		<CBX_INST_ENTRY INSTANCE_NAME="|MAIN|CACHE:inst|CACHE_CONTROL:inst1|lpm_compare4:inst42|lpm_compare:lpm_compare_component" CBX_FILE_NAME="cmpr_osg.tdf"/>
		<CBX_INST_ENTRY INSTANCE_NAME="|MAIN|CACHE:inst|CACHE_CONTROL:inst1|lpm_dff3:inst26|lpm_ff:lpm_ff_component|lpm_constant:ac" CBX_FILE_NAME="lpm_constant_u64.tdf"/>
		<CBX_INST_ENTRY INSTANCE_NAME="|MAIN|CACHE:inst|CACHE_LINE:inst18|lpm_mux1:inst10|lpm_mux:lpm_mux_component" CBX_FILE_NAME="mux_nnc.tdf"/>
		<CBX_INST_ENTRY INSTANCE_NAME="|MAIN|CACHE:inst|CACHE_LINE:inst19|lpm_mux0:inst27|lpm_mux:lpm_mux_component" CBX_FILE_NAME="mux_6oc.tdf"/>
		<CBX_INST_ENTRY INSTANCE_NAME="|MAIN|CACHE:inst|CACHE_LINE:inst20|lpm_mux0:inst27|lpm_mux:lpm_mux_component" CBX_FILE_NAME="mux_6oc.tdf"/>
		<CBX_INST_ENTRY INSTANCE_NAME="|MAIN|RAM:inst7|lpm_decode1:inst|lpm_decode:lpm_decode_component" CBX_FILE_NAME="decode_8bf.tdf"/>
		<CBX_INST_ENTRY INSTANCE_NAME="|MAIN|CACHE:inst|CACHE_CONTROL:inst1|lpm_add_sub0:inst19|lpm_add_sub:lpm_add_sub_component" CBX_FILE_NAME="add_sub_elh.tdf"/>
		<CBX_INST_ENTRY INSTANCE_NAME="|MAIN|CACHE:inst|CACHE_CONTROL:inst1|lpm_add_sub1:inst45|lpm_add_sub:lpm_add_sub_component" CBX_FILE_NAME="add_sub_soh.tdf"/>
		<CBX_INST_ENTRY INSTANCE_NAME="|MAIN|CACHE:inst|CACHE_LINE:inst18|lpm_decode1:inst31|lpm_decode:lpm_decode_component" CBX_FILE_NAME="decode_8bf.tdf"/>
		<CBX_INST_ENTRY INSTANCE_NAME="|MAIN|CACHE:inst|CACHE_LINE:inst19|lpm_mux1:inst10|lpm_mux:lpm_mux_component" CBX_FILE_NAME="mux_nnc.tdf"/>
		<CBX_INST_ENTRY INSTANCE_NAME="|MAIN|CACHE:inst|CACHE_LINE:inst20|lpm_mux1:inst10|lpm_mux:lpm_mux_component" CBX_FILE_NAME="mux_nnc.tdf"/>
		<CBX_INST_ENTRY INSTANCE_NAME="|MAIN|CACHE:inst|CACHE_LINE:inst21|lpm_mux0:inst27|lpm_mux:lpm_mux_component" CBX_FILE_NAME="mux_6oc.tdf"/>
		<CBX_INST_ENTRY INSTANCE_NAME="|MAIN|CACHE:inst|CACHE_CONTROL:inst1|lpm_add_sub1:inst46|lpm_add_sub:lpm_add_sub_component" CBX_FILE_NAME="add_sub_soh.tdf"/>
		<CBX_INST_ENTRY INSTANCE_NAME="|MAIN|CACHE:inst|CACHE_CONTROL:inst1|lpm_compare0:inst4|lpm_compare:lpm_compare_component" CBX_FILE_NAME="cmpr_cig.tdf"/>
		<CBX_INST_ENTRY INSTANCE_NAME="|MAIN|CACHE:inst|CACHE_CONTROL:inst1|lpm_constant0:inst38|lpm_constant:lpm_constant_component" CBX_FILE_NAME="lpm_constant_rf6.tdf"/>
		<CBX_INST_ENTRY INSTANCE_NAME="|MAIN|CACHE:inst|CACHE_CONTROL:inst1|lpm_dff4:inst27|lpm_ff:lpm_ff_component|lpm_constant:ac" CBX_FILE_NAME="lpm_constant_v64.tdf"/>
		<CBX_INST_ENTRY INSTANCE_NAME="|MAIN|CACHE:inst|CACHE_LINE:inst19|lpm_decode1:inst31|lpm_decode:lpm_decode_component" CBX_FILE_NAME="decode_8bf.tdf"/>
		<CBX_INST_ENTRY INSTANCE_NAME="|MAIN|CACHE:inst|CACHE_LINE:inst20|lpm_decode1:inst31|lpm_decode:lpm_decode_component" CBX_FILE_NAME="decode_8bf.tdf"/>
		<CBX_INST_ENTRY INSTANCE_NAME="|MAIN|CACHE:inst|CACHE_LINE:inst21|lpm_mux1:inst10|lpm_mux:lpm_mux_component" CBX_FILE_NAME="mux_nnc.tdf"/>
		<CBX_INST_ENTRY INSTANCE_NAME="|MAIN|CACHE:inst|CACHE_CONTROL:inst1|lpm_counter2:inst10|lpm_counter:lpm_counter_component" CBX_FILE_NAME="cntr_coi.tdf"/>
		<CBX_INST_ENTRY INSTANCE_NAME="|MAIN|CACHE:inst|CACHE_LINE:inst20|lpm_counter0:inst29|lpm_counter:lpm_counter_component" CBX_FILE_NAME="cntr_coi.tdf"/>
		<CBX_INST_ENTRY INSTANCE_NAME="|MAIN|CACHE:inst|CACHE_LINE:inst21|lpm_counter0:inst29|lpm_counter:lpm_counter_component" CBX_FILE_NAME="cntr_coi.tdf"/>
		<CBX_INST_ENTRY INSTANCE_NAME="|MAIN|CACHE:inst|CACHE_CONTROL:inst1|lpm_compare4:inst39|lpm_compare:lpm_compare_component" CBX_FILE_NAME="cmpr_osg.tdf"/>
		<CBX_INST_ENTRY INSTANCE_NAME="|MAIN|CACHE:inst|CACHE_CONTROL:inst1|lpm_counter2:inst3|lpm_counter:lpm_counter_component" CBX_FILE_NAME="cntr_coi.tdf"/>
		<CBX_INST_ENTRY INSTANCE_NAME="|MAIN|CACHE:inst|CACHE_LINE:inst20|lpm_decode0:inst1|lpm_decode:lpm_decode_component" CBX_FILE_NAME="decode_u7f.tdf"/>
	</PROJECT>
</LOG_ROOT>
